{"cameraMode":{"drawMode":0,"name":"Shaded","section":"Shading Mode"},"sceneLighting":false,"audioPlay":false,"sceneViewState":{"m_AlwaysRefresh":false,"showFog":true,"showSkybox":false,"showFlares":true,"showImageEffects":true,"showParticleSystems":true,"showVisualEffectGraphs":true,"m_FxEnabled":true},"in2DMode":false,"pivot":{"x":0.9212437868118286,"y":6.330883979797363,"z":0.25306767225265505},"rotation":{"x":-0.16619658470153809,"y":0.7864794135093689,"z":-0.23914305865764619,"w":-0.5446525812149048},"size":0.9047373533248901,"orthographic":false}