{"cameraMode":{"drawMode":0,"name":"Shaded","section":"Shading Mode"},"sceneLighting":true,"audioPlay":false,"sceneViewState":{"m_AlwaysRefresh":false,"showFog":true,"showSkybox":true,"showFlares":true,"showImageEffects":true,"showParticleSystems":true,"showVisualEffectGraphs":true,"m_FxEnabled":true},"in2DMode":false,"pivot":{"x":-1.6415358781814576,"y":-17.701295852661134,"z":10.133171081542969},"rotation":{"x":0.4697614908218384,"y":-0.0675467997789383,"z":0.035493332892656329,"w":0.8795464038848877},"size":16.46033477783203,"orthographic":false}