{"cameraMode":{"drawMode":0,"name":"Shaded","section":"Shading Mode"},"sceneLighting":true,"audioPlay":false,"sceneViewState":{"m_AlwaysRefresh":false,"showFog":true,"showSkybox":true,"showFlares":true,"showImageEffects":true,"showParticleSystems":true,"showVisualEffectGraphs":true,"m_FxEnabled":true},"in2DMode":false,"pivot":{"x":1.0682463645935059,"y":4.395317077636719,"z":1.2159957885742188},"rotation":{"x":0.6214052438735962,"y":0.0037931797560304405,"z":-0.003550613531842828,"w":0.7835245132446289},"size":9.194940567016602,"orthographic":false}