{"cameraMode":{"drawMode":0,"name":"Shaded","section":"Shading Mode"},"sceneLighting":true,"audioPlay":false,"sceneViewState":{"m_AlwaysRefresh":false,"showFog":true,"showSkybox":true,"showFlares":true,"showImageEffects":true,"showParticleSystems":true,"showVisualEffectGraphs":true,"m_FxEnabled":true},"in2DMode":false,"pivot":{"x":0.318512886762619,"y":11.271631240844727,"z":-8.279101371765137},"rotation":{"x":-0.4035080671310425,"y":0.028382256627082826,"z":-0.011922257021069527,"w":-0.914518415927887},"size":2.6357295513153078,"orthographic":false}