{"cameraMode":{"drawMode":0,"name":"Shaded","section":"Shading Mode"},"sceneLighting":true,"audioPlay":false,"sceneViewState":{"m_AlwaysRefresh":false,"showFog":true,"showSkybox":true,"showFlares":true,"showImageEffects":true,"showParticleSystems":true,"showVisualEffectGraphs":true,"m_FxEnabled":true},"in2DMode":false,"pivot":{"x":1.9919376373291016,"y":1.848475456237793,"z":-3.772319793701172},"rotation":{"x":0.015392539091408253,"y":-0.9566959142684937,"z":0.286518394947052,"w":0.049702584743499759},"size":5.543875217437744,"orthographic":false}