{"cameraMode":{"drawMode":0,"name":"Shaded","section":"Shading Mode"},"sceneLighting":false,"audioPlay":false,"sceneViewState":{"m_AlwaysRefresh":false,"showFog":true,"showSkybox":false,"showFlares":true,"showImageEffects":true,"showParticleSystems":true,"showVisualEffectGraphs":true,"m_FxEnabled":true},"in2DMode":false,"pivot":{"x":1.7980151176452637,"y":3.4331235885620119,"z":-7.862795352935791},"rotation":{"x":0.41964951157569888,"y":-0.2281675487756729,"z":0.10925166308879852,"w":0.8717575073242188},"size":1.8926655054092408,"orthographic":false}