{"cameraMode":{"drawMode":0,"name":"Shaded","section":"Shading Mode"},"sceneLighting":false,"audioPlay":false,"sceneViewState":{"m_AlwaysRefresh":false,"showFog":true,"showSkybox":false,"showFlares":true,"showImageEffects":true,"showParticleSystems":true,"showVisualEffectGraphs":true,"m_FxEnabled":true},"in2DMode":false,"pivot":{"x":-0.1684790849685669,"y":-1.9086792469024659,"z":-2.88371205329895},"rotation":{"x":-0.014030522666871548,"y":-0.9537533521652222,"z":0.29662683606147768,"w":-0.04668416827917099},"size":3.3533730506896974,"orthographic":false}