{"cameraMode":{"drawMode":0,"name":"Shaded","section":"Shading Mode"},"sceneLighting":false,"audioPlay":false,"sceneViewState":{"m_AlwaysRefresh":false,"showFog":true,"showSkybox":false,"showFlares":true,"showImageEffects":true,"showParticleSystems":true,"showVisualEffectGraphs":true,"m_FxEnabled":true},"in2DMode":false,"pivot":{"x":6.029133319854736,"y":0.2914476990699768,"z":3.0741987228393556},"rotation":{"x":0.39386382699012759,"y":0.024744974449276925,"z":-0.011111672036349774,"w":0.9187633395195007},"size":1.1255404949188233,"orthographic":false}